productID,商品名,日销量
60,花奶酪,2.3502
59,苏澳奶酪,2.2295
31,温馨奶酪,2.0820
56,白米,1.8838
16,饼干,1.7258
75,浓缩咖啡,1.7213
24,汽水,1.6766
40,虾米,1.6438
62,山渣片,1.6140
71,义大利奶酪,1.5753
2,牛奶,1.5753
21,花生,1.5142
17,猪肉,1.4754
41,虾子,1.4620
76,柠檬汁,1.4620
55,鸭肉,1.3458
13,龙虾,1.3279
51,猪肉干,1.3204
35,蜜桃汁,1.3159
1,苹果汁,1.2340
70,苏打水,1.2206
72,酸奶酪,1.2012
36,鱿鱼,1.1997
68,绿豆糕,1.1908
39,运动饮料,1.1818
77,辣椒粉,1.1759
7,海鲜粉,1.1371
33,浪花奶酪,1.1252
54,鸡肉,1.1252
26,棉花糖,1.1222
